order_id,order_date_key,required_date_key,shipped_date_key,customer_key,employee_key,shipper_key,freight,line_count,total_quantity,order_net_amount,is_shipped,days_to_ship,delay_days,is_late
10248,20130704,20130801,20130716,85,5,3,32.38,3,27,440.0,True,12,-16,False
10249,20130705,20130816,20130710,79,6,1,11.61,2,49,1863.4,True,5,-37,False
10250,20130708,20130805,20130712,34,4,2,65.83,3,60,1552.6,True,4,-24,False
10251,20130708,20130805,20130715,84,3,1,41.34,3,41,654.06,True,7,-21,False
10252,20130709,20130806,20130711,76,4,2,51.3,3,105,3597.9,True,2,-26,False
10253,20130710,20130724,20130716,34,3,2,58.17,3,102,1444.8,True,6,-8,False
10254,20130711,20130808,20130723,14,5,2,22.98,3,57,556.62,True,12,-16,False
10255,20130712,20130809,20130715,68,9,3,148.33,4,110,2490.5,True,3,-25,False
10256,20130715,20130812,20130717,88,3,2,13.97,2,27,517.8,True,2,-26,False
10257,20130716,20130813,20130722,35,4,3,81.91,3,46,1119.9,True,6,-22,False
10258,20130717,20130814,20130723,20,1,1,140.51,3,121,1614.88,True,6,-22,False
10259,20130718,20130815,20130725,13,4,3,3.25,2,11,100.8,True,7,-21,False
10260,20130719,20130816,20130729,56,4,1,55.09,4,102,1504.65,True,10,-18,False
10261,20130719,20130816,20130730,61,4,2,3.05,2,40,448.0,True,11,-17,False
10262,20130722,20130819,20130725,65,8,3,48.29,3,29,584.0,True,3,-25,False
10263,20130723,20130820,20130731,20,9,3,146.06,4,184,1873.8,True,8,-20,False
10264,20130724,20130821,20130823,24,6,3,3.67,2,60,695.62,True,30,2,True
10265,20130725,20130822,20130812,7,2,1,55.28,2,50,1176.0,True,18,-10,False
10266,20130726,20130906,20130731,87,3,3,25.73,1,12,346.56,True,5,-37,False
10267,20130729,20130826,20130806,25,4,1,208.58,3,135,3536.6,True,8,-20,False
10268,20130730,20130827,20130802,33,8,3,66.29,2,14,1101.2,True,3,-25,False
10269,20130731,20130814,20130809,89,5,1,4.56,2,80,642.2,True,9,-5,False
10270,20130801,20130829,20130802,87,1,1,136.54,2,55,1376.0,True,1,-27,False
10271,20130801,20130829,20130830,75,6,2,4.54,1,24,48.0,True,29,1,True
10272,20130802,20130830,20130806,65,6,2,98.03,3,70,1456.0,True,4,-24,False
10273,20130805,20130902,20130812,63,3,3,76.07,5,152,2037.28,True,7,-21,False
10274,20130806,20130903,20130816,85,6,1,6.01,2,27,538.6,True,10,-18,False
10275,20130807,20130904,20130809,49,1,1,26.93,2,18,291.84,True,2,-26,False
10276,20130808,20130822,20130814,80,8,3,13.84,2,25,420.0,True,6,-8,False
10277,20130809,20130906,20130813,52,2,3,125.77,2,32,1200.8,True,4,-24,False
10278,20130812,20130909,20130816,5,8,2,92.69,4,64,1488.8,True,4,-24,False
10279,20130813,20130910,20130816,44,8,2,25.83,1,15,351.0,True,3,-25,False
10280,20130814,20130911,20130912,5,2,1,8.98,3,62,613.2,True,29,1,True
10281,20130814,20130828,20130821,69,4,1,2.94,3,11,86.5,True,7,-7,False
10282,20130815,20130912,20130821,69,4,1,12.69,2,8,155.4,True,6,-22,False
10283,20130816,20130913,20130823,46,3,3,84.81,4,76,1414.8,True,7,-21,False
10284,20130819,20130916,20130827,44,4,1,76.56,4,61,1170.38,True,8,-20,False
10285,20130820,20130917,20130826,63,1,2,76.83,3,121,1743.36,True,6,-22,False
10286,20130821,20130918,20130830,63,8,3,229.24,2,140,3016.0,True,9,-19,False
10287,20130822,20130919,20130828,67,8,3,12.76,3,75,819.0,True,6,-22,False
10288,20130823,20130920,20130903,66,4,1,7.45,2,13,80.1,True,11,-17,False
10289,20130826,20130923,20130828,11,7,3,22.77,2,39,479.4,True,2,-26,False
10290,20130827,20130924,20130903,15,8,1,79.7,4,60,2169.0,True,7,-21,False
10291,20130827,20130924,20130904,61,6,2,6.4,3,46,497.52,True,8,-20,False
10292,20130828,20130925,20130902,81,1,2,1.35,1,20,1296.0,True,5,-23,False
10293,20130829,20130926,20130911,80,1,3,21.18,4,33,848.7,True,13,-15,False
10294,20130830,20130927,20130905,65,4,2,147.26,5,75,1887.6,True,6,-22,False
10295,20130902,20130930,20130910,85,2,2,1.15,1,4,121.6,True,8,-20,False
10296,20130903,20131001,20130911,46,6,1,0.12,3,57,1050.6,True,8,-20,False
10297,20130904,20131016,20130910,7,5,2,5.74,2,80,1420.0,True,6,-36,False
10298,20130905,20131003,20130911,37,6,2,168.22,4,125,2645.0,True,6,-22,False
10299,20130906,20131004,20130913,67,4,2,29.76,2,35,349.5,True,7,-21,False
10300,20130909,20131007,20130918,49,2,2,17.68,2,50,608.0,True,9,-19,False
10301,20130909,20131007,20130917,86,8,2,45.08,2,30,755.0,True,8,-20,False
10302,20130910,20131008,20131009,76,4,2,6.27,3,80,2708.8,True,29,1,True
10303,20130911,20131009,20130918,30,7,2,107.83,3,85,1117.8,True,7,-21,False
10304,20130912,20131010,20130917,80,1,2,63.79,3,42,954.4,True,5,-23,False
10305,20130913,20131011,20131009,55,8,3,257.62,3,80,3741.3,True,26,-2,False
10306,20130916,20131014,20130923,69,1,3,7.56,3,25,498.5,True,7,-21,False
10307,20130917,20131015,20130925,48,2,2,0.56,2,13,424.0,True,8,-20,False
10308,20130918,20131016,20130924,2,7,3,1.61,2,6,88.8,True,6,-22,False
10309,20130919,20131017,20131023,37,3,1,47.3,5,75,1762.0,True,34,6,True
10310,20130920,20131018,20130927,77,8,2,17.52,2,15,336.0,True,7,-21,False
10311,20130920,20131004,20130926,18,1,3,24.69,2,13,268.8,True,6,-8,False
10312,20130923,20131021,20131003,86,2,2,40.26,4,58,1614.8,True,10,-18,False
10313,20130924,20131022,20131004,63,2,2,1.96,1,12,182.4,True,10,-18,False
10314,20130925,20131023,20131004,65,1,2,74.16,3,95,2094.3,True,9,-19,False
10315,20130926,20131024,20131003,38,4,2,41.76,2,44,516.8,True,7,-21,False
10316,20130927,20131025,20131008,65,1,3,150.15,2,80,2835.0,True,11,-17,False
10317,20130930,20131028,20131010,48,6,1,12.69,1,20,288.0,True,10,-18,False
10318,20131001,20131029,20131004,38,8,2,4.73,2,26,240.4,True,3,-25,False
10319,20131002,20131030,20131011,80,7,3,64.5,3,52,1191.2,True,9,-19,False
10320,20131003,20131017,20131018,87,5,3,34.57,1,30,516.0,True,15,1,True
10321,20131003,20131031,20131011,38,3,2,3.43,1,10,144.0,True,8,-20,False
10322,20131004,20131101,20131023,58,7,3,0.4,1,20,112.0,True,19,-9,False
10323,20131007,20131104,20131014,39,4,1,4.88,3,13,164.4,True,7,-21,False
10324,20131008,20131105,20131010,71,9,1,214.27,5,241,5275.72,True,2,-26,False
10325,20131009,20131023,20131014,39,1,3,64.86,5,71,1497.0,True,5,-9,False
10326,20131010,20131107,20131014,8,4,2,77.92,3,90,982.0,True,4,-24,False
10327,20131011,20131108,20131014,24,2,1,63.36,4,140,1810.0,True,3,-25,False
10328,20131014,20131111,20131017,28,4,3,87.03,3,59,1168.0,True,3,-25,False
10329,20131015,20131126,20131023,75,4,2,191.67,4,50,4578.43,True,8,-34,False
10330,20131016,20131113,20131028,46,3,1,12.75,2,75,1649.0,True,12,-16,False
10331,20131016,20131127,20131021,9,9,1,10.19,1,15,88.5,True,5,-37,False
10332,20131017,20131128,20131021,51,3,2,52.84,3,66,1786.88,True,4,-38,False
10333,20131018,20131115,20131025,87,5,3,0.59,3,60,877.2,True,7,-21,False
10334,20131021,20131118,20131028,84,8,2,8.56,2,18,144.8,True,7,-21,False
10335,20131022,20131119,20131024,37,7,2,42.11,4,86,2036.16,True,2,-26,False
10336,20131023,20131120,20131025,60,7,2,15.51,1,18,285.12,True,2,-26,False
10337,20131024,20131121,20131029,25,4,3,108.26,5,137,2467.0,True,5,-23,False
10338,20131025,20131122,20131029,55,4,3,84.21,2,35,934.5,True,4,-24,False
10339,20131028,20131125,20131104,51,2,2,15.66,3,108,3354.0,True,7,-21,False
10340,20131029,20131126,20131108,9,1,3,166.31,3,72,2436.18,True,10,-18,False
10341,20131029,20131126,20131105,73,7,3,26.78,2,17,352.6,True,7,-21,False
10342,20131030,20131113,20131104,25,4,2,54.83,4,160,1840.64,True,5,-9,False
10343,20131031,20131128,20131106,44,4,1,110.37,3,69,1584.0,True,6,-22,False
10344,20131101,20131129,20131105,89,4,2,23.29,2,105,2296.0,True,4,-24,False
10345,20131104,20131202,20131111,63,2,2,249.06,3,159,2924.8,True,7,-21,False
10346,20131105,20131217,20131108,65,3,3,142.08,2,56,1618.88,True,3,-39,False
10347,20131106,20131204,20131108,21,4,3,3.1,4,70,814.42,True,2,-26,False
10348,20131107,20131205,20131115,86,4,2,0.78,2,40,363.6,True,8,-20,False
10349,20131108,20131206,20131115,75,7,1,8.63,1,24,141.6,True,7,-21,False
10350,20131111,20131209,20131203,41,6,2,64.19,2,33,642.06,True,22,-6,False
10351,20131111,20131209,20131120,20,1,1,162.33,4,120,5398.72,True,9,-19,False
10352,20131112,20131126,20131118,28,3,3,1.3,2,30,136.3,True,6,-8,False
10353,20131113,20131211,20131125,59,7,3,360.63,2,62,8593.28,True,12,-16,False
10354,20131114,20131212,20131120,58,8,3,53.8,2,16,568.8,True,6,-22,False
10355,20131115,20131213,20131120,4,6,1,41.95,2,50,480.0,True,5,-23,False
10356,20131118,20131216,20131127,86,6,2,36.71,3,62,1106.4,True,9,-19,False
10357,20131119,20131217,20131202,46,1,3,34.88,3,54,1167.68,True,13,-15,False
10358,20131120,20131218,20131127,41,5,1,19.64,3,40,429.4,True,7,-21,False
10359,20131121,20131219,20131126,72,5,3,288.43,3,206,3471.68,True,5,-23,False
10360,20131122,20131220,20131202,7,4,3,131.7,5,138,7390.2,True,10,-18,False
10361,20131122,20131220,20131203,63,1,2,183.17,2,109,2046.24,True,11,-17,False
10362,20131125,20131223,20131128,9,3,1,96.04,3,94,1549.6,True,3,-25,False
10363,20131126,20131224,20131204,17,4,3,30.54,3,44,447.2,True,8,-20,False
10364,20131126,20140107,20131204,19,1,1,71.97,2,35,950.0,True,8,-34,False
10365,20131127,20131225,20131202,3,3,2,22.0,1,24,403.2,True,5,-23,False
10366,20131128,20140109,20131230,29,8,2,10.14,2,10,136.0,True,32,-10,False
10367,20131128,20131226,20131202,83,7,3,13.55,4,76,834.2,True,4,-24,False
10368,20131129,20131227,20131202,20,2,2,101.95,4,78,1689.78,True,3,-25,False
10369,20131202,20131230,20131209,75,8,2,195.68,2,38,2390.4,True,7,-21,False
10370,20131203,20131231,20131227,14,6,2,1.17,3,65,1117.6,True,24,-4,False
10371,20131203,20131231,20131224,41,1,1,0.45,1,6,72.96,True,21,-7,False
10372,20131204,20140101,20131209,62,5,2,890.78,4,164,9210.9,True,5,-23,False
10373,20131205,20140102,20131211,37,4,3,124.12,2,130,1366.4,True,6,-22,False
10374,20131205,20140102,20131209,91,1,3,3.94,2,45,459.0,True,4,-24,False
10375,20131206,20140103,20131209,36,3,2,20.12,2,25,338.0,True,3,-25,False
10376,20131209,20140106,20131213,51,1,2,20.39,1,42,399.0,True,4,-24,False
10377,20131209,20140106,20131213,72,1,3,22.21,2,40,863.6,True,4,-24,False
10378,20131210,20140107,20131219,24,5,3,5.44,1,6,103.2,True,9,-19,False
10379,20131211,20140108,20131213,61,2,1,45.03,3,44,863.28,True,2,-26,False
10380,20131212,20140109,20140116,37,8,3,35.03,4,74,1313.82,True,35,7,True
10381,20131212,20140109,20131213,46,3,3,7.99,1,14,112.0,True,1,-27,False
10382,20131213,20140110,20131216,20,4,1,94.77,5,165,2900.0,True,3,-25,False
10383,20131216,20140113,20131218,4,8,3,34.24,3,55,899.0,True,2,-26,False
10384,20131216,20140113,20131220,5,3,3,168.64,2,43,2222.4,True,4,-24,False
10385,20131217,20140114,20131223,75,1,2,30.96,3,38,691.2,True,6,-22,False
10386,20131218,20140101,20131225,21,9,3,13.99,2,25,166.0,True,7,-7,False
10387,20131218,20140115,20131220,70,1,2,93.63,4,48,1058.4,True,2,-26,False
10388,20131219,20140116,20131220,72,2,1,34.86,3,75,1228.8,True,1,-27,False
10389,20131220,20140117,20131224,10,4,2,47.42,4,81,1832.8,True,4,-24,False
10390,20131223,20140120,20131226,20,6,1,126.38,4,169,2090.88,True,3,-25,False
10391,20131223,20140120,20131231,17,3,3,5.45,1,18,86.4,True,8,-20,False
10392,20131224,20140121,20140101,59,2,3,122.46,1,50,1440.0,True,8,-20,False
10393,20131225,20140122,20140103,71,1,3,126.56,5,176,2556.95,True,9,-19,False
10394,20131225,20140122,20140103,36,1,3,30.34,2,20,442.0,True,9,-19,False
10395,20131226,20140123,20140103,35,6,1,184.41,3,106,2122.92,True,8,-20,False
10396,20131227,20140110,20140106,25,1,3,135.35,3,121,1903.8,True,10,-4,False
10397,20131227,20140124,20140102,60,5,1,60.26,2,28,716.72,True,6,-22,False
10398,20131230,20140127,20140109,71,2,3,89.16,2,150,2505.6,True,10,-18,False
10399,20131231,20140114,20140108,83,8,3,27.36,4,139,1765.6,True,8,-6,False
10400,20140101,20140129,20140116,19,1,3,83.93,3,86,3063.0,True,15,-13,False
10401,20140101,20140129,20140110,65,1,1,12.51,4,168,3868.6,True,9,-19,False
10402,20140102,20140213,20140110,20,8,2,67.88,2,125,2713.5,True,8,-34,False
10403,20140103,20140131,20140109,20,4,3,73.79,2,91,855.02,True,6,-22,False
10404,20140103,20140131,20140108,49,2,1,155.97,3,100,1591.25,True,5,-23,False
10405,20140106,20140203,20140122,47,1,1,34.82,1,50,400.0,True,16,-12,False
10406,20140107,20140218,20140113,62,7,1,108.04,5,89,1830.78,True,6,-36,False
10407,20140107,20140204,20140130,56,2,2,91.48,3,60,1194.0,True,23,-5,False
10408,20140108,20140205,20140114,23,8,1,11.26,3,51,1622.4,True,6,-22,False
10409,20140109,20140206,20140114,54,3,1,29.83,2,24,319.2,True,5,-23,False
10410,20140110,20140207,20140115,10,3,3,2.4,2,65,802.0,True,5,-23,False
10411,20140110,20140207,20140121,10,9,3,23.65,3,74,966.8,True,11,-17,False
10412,20140113,20140210,20140115,87,8,2,3.77,1,20,334.8,True,2,-26,False
10413,20140114,20140211,20140116,41,3,2,95.66,3,78,2123.2,True,2,-26,False
10414,20140114,20140211,20140117,21,2,3,21.48,2,68,224.83,True,3,-25,False
10415,20140115,20140212,20140124,36,3,1,0.2,2,22,102.4,True,9,-19,False
10416,20140116,20140213,20140127,87,8,3,22.72,3,50,720.0,True,11,-17,False
10417,20140116,20140213,20140128,73,4,3,70.29,4,123,11188.4,True,12,-16,False
10418,20140117,20140214,20140124,63,4,1,17.55,4,146,1814.8,True,7,-21,False
10419,20140120,20140217,20140130,68,4,2,137.35,2,80,2097.6,True,10,-18,False
10420,20140121,20140218,20140127,88,3,1,44.12,4,50,1707.84,True,6,-22,False
10421,20140121,20140304,20140127,61,8,1,99.23,4,59,1194.27,True,6,-36,False
10422,20140122,20140219,20140131,27,2,1,3.02,1,2,49.8,True,9,-19,False
10423,20140123,20140206,20140224,31,6,3,24.5,2,34,1020.0,True,32,18,True
10424,20140123,20140220,20140127,51,7,2,370.61,3,139,9194.56,True,4,-24,False
10425,20140124,20140221,20140214,41,6,2,7.93,2,30,360.0,True,21,-7,False
10426,20140127,20140224,20140206,29,4,1,18.69,2,12,338.2,True,10,-18,False
10427,20140127,20140224,20140303,59,4,2,31.29,1,35,651.0,True,35,7,True
10428,20140128,20140225,20140204,66,7,1,11.09,1,20,192.0,True,7,-21,False
10429,20140129,20140312,20140207,37,3,2,56.63,2,75,1441.38,True,9,-33,False
10430,20140130,20140213,20140203,20,4,1,458.78,4,195,4899.2,True,4,-10,False
10431,20140130,20140213,20140207,10,4,2,44.17,3,130,1892.25,True,8,-6,False
10432,20140131,20140214,20140207,75,3,2,4.34,2,50,485.0,True,7,-7,False
10433,20140203,20140303,20140304,60,3,3,73.83,1,28,851.2,True,29,1,True
10434,20140203,20140303,20140213,24,3,2,17.92,2,24,321.12,True,10,-18,False
10435,20140204,20140318,20140207,16,8,2,9.21,3,32,631.6,True,3,-39,False
10436,20140205,20140305,20140211,7,3,2,156.66,4,99,1994.52,True,6,-22,False
10437,20140205,20140305,20140212,87,8,1,19.97,1,15,393.0,True,7,-21,False
10438,20140206,20140306,20140214,79,3,2,8.24,3,50,454.0,True,8,-20,False
10439,20140207,20140307,20140210,51,6,3,4.07,4,67,1078.0,True,3,-25,False
10440,20140210,20140310,20140228,71,4,2,86.53,4,208,4924.14,True,18,-10,False
10441,20140210,20140324,20140314,55,3,2,73.02,1,50,1755.0,True,32,-10,False
10442,20140211,20140311,20140218,20,3,2,47.94,3,170,1792.0,True,7,-21,False
10443,20140212,20140312,20140214,66,8,1,13.95,2,18,517.44,True,2,-26,False
10444,20140212,20140312,20140221,5,3,3,3.5,4,63,1031.7,True,9,-19,False
10445,20140213,20140313,20140220,5,3,1,9.3,2,21,174.9,True,7,-21,False
10446,20140214,20140314,20140219,79,6,1,14.68,4,50,246.24,True,5,-23,False
10447,20140214,20140314,20140307,67,4,2,68.66,3,77,914.4,True,21,-7,False
10448,20140217,20140317,20140224,64,4,2,38.82,2,26,443.4,True,7,-21,False
10449,20140218,20140318,20140227,7,3,2,53.3,3,69,1838.2,True,9,-19,False
10450,20140219,20140319,20140311,84,8,2,7.23,2,26,425.12,True,20,-8,False
10451,20140219,20140305,20140312,63,4,3,189.09,4,238,3849.66,True,21,7,True
10452,20140220,20140320,20140226,71,8,1,140.26,2,115,2018.5,True,6,-22,False
10453,20140221,20140321,20140226,4,1,2,25.36,2,40,407.7,True,5,-23,False
10454,20140221,20140321,20140225,41,4,3,2.74,3,50,331.2,True,4,-24,False
10455,20140224,20140407,20140303,87,8,2,180.45,4,125,2684.0,True,7,-35,False
10456,20140225,20140408,20140228,39,8,2,8.12,2,61,557.6,True,3,-39,False
10457,20140225,20140325,20140303,39,2,1,11.57,1,36,1584.0,True,6,-22,False
10458,20140226,20140326,20140304,76,7,3,147.06,5,145,3891.0,True,6,-22,False
10459,20140227,20140327,20140228,84,4,2,25.09,3,76,1659.2,True,1,-27,False
10460,20140228,20140328,20140303,24,8,1,16.27,2,25,176.1,True,3,-25,False
10461,20140228,20140328,20140305,46,1,3,148.61,3,128,1538.7,True,5,-23,False
10462,20140303,20140331,20140318,16,2,1,6.17,2,22,156.0,True,15,-13,False
10463,20140304,20140401,20140306,76,5,3,14.78,2,71,713.3,True,2,-26,False
10464,20140304,20140401,20140314,28,4,2,89.0,4,69,1609.28,True,10,-18,False
10465,20140305,20140402,20140314,83,1,3,145.04,5,118,2518.0,True,9,-19,False
10466,20140306,20140403,20140313,15,4,1,11.93,2,15,216.0,True,7,-21,False
10467,20140306,20140403,20140311,49,8,2,4.93,2,40,235.2,True,5,-23,False
10468,20140307,20140404,20140312,39,3,3,44.12,2,23,717.6,True,5,-23,False
10469,20140310,20140407,20140314,89,1,1,60.18,3,77,956.68,True,4,-24,False
10470,20140311,20140408,20140314,9,4,2,64.56,3,53,1820.8,True,3,-25,False
10471,20140311,20140408,20140318,11,2,3,45.59,2,50,1328.0,True,7,-21,False
10472,20140312,20140409,20140319,72,8,1,4.2,2,98,1036.8,True,7,-21,False
10473,20140313,20140327,20140321,38,1,3,16.37,2,24,230.4,True,8,-6,False
10474,20140313,20140410,20140321,58,5,2,83.49,4,61,1249.1,True,8,-20,False
10475,20140314,20140411,20140404,76,9,1,68.52,3,137,1505.18,True,21,-7,False
10476,20140317,20140414,20140324,35,8,3,4.41,2,14,180.48,True,7,-21,False
10477,20140317,20140414,20140325,60,5,2,13.02,3,56,558.0,True,8,-20,False
10478,20140318,20140401,20140326,84,2,3,4.81,1,20,471.2,True,8,-6,False
10479,20140319,20140416,20140321,65,3,3,708.95,4,148,10495.6,True,2,-26,False
10480,20140320,20140417,20140324,23,6,2,1.35,2,42,756.0,True,4,-24,False
10481,20140320,20140417,20140325,67,8,2,64.33,2,64,1472.0,True,5,-23,False
10482,20140321,20140418,20140410,43,1,3,7.48,1,10,147.0,True,20,-8,False
10483,20140324,20140421,20140425,89,7,2,15.28,2,65,668.8,True,32,4,True
10484,20140324,20140421,20140401,11,3,3,6.88,3,27,386.2,True,8,-20,False
10485,20140325,20140408,20140331,47,4,2,64.45,4,130,1584.0,True,6,-8,False
10486,20140326,20140423,20140402,35,1,2,30.53,3,46,1272.0,True,7,-21,False
10487,20140326,20140423,20140328,62,2,2,71.07,3,59,889.7,True,2,-26,False
10488,20140327,20140424,20140402,25,8,2,4.93,2,50,1512.0,True,6,-22,False
10489,20140328,20140425,20140409,59,6,2,5.29,2,33,439.2,True,12,-16,False
10490,20140331,20140428,20140403,35,7,2,210.19,3,126,3163.2,True,3,-25,False
10491,20140331,20140428,20140408,28,8,3,16.96,2,22,259.5,True,8,-20,False
10492,20140401,20140429,20140411,10,3,1,62.89,2,80,851.2,True,10,-18,False
10493,20140402,20140430,20140410,41,4,3,10.64,3,35,608.4,True,8,-20,False
10494,20140402,20140430,20140409,15,4,2,65.99,1,30,912.0,True,7,-21,False
10495,20140403,20140501,20140411,42,3,3,4.65,3,35,278.0,True,8,-20,False
10496,20140404,20140502,20140407,81,7,2,46.77,1,20,190.0,True,3,-25,False
10497,20140404,20140502,20140407,44,7,1,36.21,3,64,1380.6,True,3,-25,False
10498,20140407,20140505,20140411,35,8,2,29.75,3,49,575.0,True,4,-24,False
10499,20140408,20140506,20140416,46,4,2,102.02,2,45,1412.0,True,8,-20,False
10500,20140409,20140507,20140417,41,6,1,42.68,2,20,523.26,True,8,-20,False
10501,20140409,20140507,20140416,6,9,3,8.85,1,20,149.0,True,7,-21,False
10502,20140410,20140508,20140429,58,2,1,69.32,3,57,816.3,True,19,-9,False
10503,20140411,20140509,20140416,37,6,2,16.74,2,90,2048.5,True,5,-23,False
10504,20140411,20140509,20140418,89,4,3,59.13,4,59,1388.5,True,7,-21,False
10505,20140414,20140512,20140421,51,3,3,7.13,1,3,147.9,True,7,-21,False
10506,20140415,20140513,20140502,39,9,2,21.19,2,32,415.8,True,17,-11,False
10507,20140415,20140513,20140422,3,7,1,47.45,2,30,749.06,True,7,-21,False
10508,20140416,20140514,20140513,56,1,2,4.99,2,20,240.0,True,27,-1,False
10509,20140417,20140515,20140429,6,4,1,0.15,1,3,136.8,True,12,-16,False
10510,20140418,20140516,20140428,71,6,3,367.63,2,72,4707.54,True,10,-18,False
10511,20140418,20140516,20140421,9,4,3,350.64,3,110,2550.0,True,3,-25,False
10512,20140421,20140519,20140424,21,7,2,3.53,4,37,525.3,True,3,-25,False
10513,20140422,20140603,20140428,86,7,1,105.65,3,105,1942.0,True,6,-36,False
10514,20140422,20140520,20140516,20,3,2,789.95,5,233,8623.45,True,24,-4,False
10515,20140423,20140507,20140523,63,2,1,204.47,5,286,9921.3,True,30,16,True
10516,20140424,20140522,20140501,37,2,3,62.78,3,125,2381.05,True,7,-21,False
10517,20140424,20140522,20140429,53,3,3,32.07,3,16,352.0,True,5,-23,False
10518,20140425,20140509,20140505,80,4,2,218.15,3,29,4150.05,True,10,-4,False
10519,20140428,20140526,20140501,14,6,3,91.76,3,66,2314.2,True,3,-25,False
10520,20140429,20140527,20140501,70,7,1,13.37,2,13,200.0,True,2,-26,False
10521,20140429,20140527,20140502,12,8,2,17.22,3,19,225.5,True,3,-25,False
10522,20140430,20140528,20140506,44,4,1,45.33,4,109,2318.24,True,6,-22,False
10523,20140501,20140529,20140530,72,7,2,77.63,4,64,2444.31,True,29,1,True
10524,20140501,20140529,20140507,5,1,2,244.79,4,87,3192.65,True,6,-22,False
10525,20140502,20140530,20140523,9,1,2,11.06,2,45,818.4,True,21,-7,False
10526,20140505,20140602,20140515,87,4,2,58.59,3,48,1151.4,True,10,-18,False
10527,20140505,20140602,20140507,63,7,1,41.9,2,80,1503.0,True,2,-26,False
10528,20140506,20140520,20140509,32,6,2,3.35,3,20,392.2,True,3,-11,False
10529,20140507,20140604,20140509,50,5,2,66.69,3,44,946.0,True,2,-26,False
10530,20140508,20140605,20140512,59,3,2,339.22,4,135,4180.0,True,4,-24,False
10531,20140508,20140605,20140519,54,7,1,8.12,1,2,110.0,True,11,-17,False
10532,20140509,20140606,20140512,19,7,3,74.46,2,39,796.35,True,3,-25,False
10533,20140512,20140609,20140522,24,8,1,188.04,3,98,2222.2,True,10,-18,False
10534,20140512,20140609,20140514,44,8,2,27.94,3,30,465.7,True,2,-26,False
10535,20140513,20140610,20140521,3,4,1,15.64,4,80,1940.85,True,8,-20,False
10536,20140514,20140611,20140606,44,3,2,58.88,4,100,1645.0,True,23,-5,False
10537,20140514,20140528,20140519,68,1,1,78.85,5,86,1823.8,True,5,-9,False
10538,20140515,20140612,20140516,11,9,3,4.87,2,8,139.8,True,1,-27,False
10539,20140516,20140613,20140523,11,6,3,12.36,4,44,355.5,True,7,-21,False
10540,20140519,20140616,20140613,63,3,3,1007.64,4,165,10191.7,True,25,-3,False
10541,20140519,20140616,20140529,34,2,1,68.65,4,84,1946.52,True,10,-18,False
10542,20140520,20140617,20140526,39,1,3,10.95,2,39,469.11,True,6,-22,False
10543,20140521,20140618,20140523,46,8,2,48.17,2,100,1504.5,True,2,-26,False
10544,20140521,20140618,20140530,48,4,1,24.91,2,14,417.2,True,9,-19,False
10545,20140522,20140619,20140626,43,8,2,11.92,1,10,210.0,True,35,7,True
10546,20140523,20140620,20140527,84,1,3,194.72,3,80,2812.0,True,4,-24,False
10547,20140523,20140620,20140602,72,3,2,178.43,2,84,1792.8,True,10,-18,False
10548,20140526,20140623,20140602,79,3,2,1.43,2,24,240.1,True,7,-21,False
10549,20140527,20140610,20140530,63,5,1,171.24,3,203,3554.28,True,3,-11,False
10550,20140528,20140625,20140606,30,7,3,4.32,4,34,683.3,True,9,-19,False
10551,20140528,20140709,20140606,28,4,3,72.95,3,100,1677.3,True,9,-33,False
10552,20140529,20140626,20140605,35,2,1,83.22,2,48,880.5,True,7,-21,False
10553,20140530,20140627,20140603,87,2,2,149.49,5,89,1546.3,True,4,-24,False
10554,20140530,20140627,20140605,56,4,3,120.97,4,80,1728.52,True,6,-22,False
10555,20140602,20140630,20140604,71,6,3,252.49,5,143,2944.4,True,2,-26,False
10556,20140603,20140715,20140613,73,2,1,9.8,1,24,835.2,True,10,-32,False
10557,20140603,20140617,20140606,44,9,2,96.72,2,50,1152.5,True,3,-11,False
10558,20140604,20140702,20140610,4,1,2,72.97,5,96,2142.9,True,6,-22,False
10559,20140605,20140703,20140613,7,6,1,8.05,2,30,520.41,True,8,-20,False
10560,20140606,20140704,20140609,25,8,1,36.65,2,35,1072.42,True,3,-25,False
10561,20140606,20140704,20140609,24,2,2,242.21,2,60,2844.5,True,3,-25,False
10562,20140609,20140707,20140612,66,1,1,22.95,2,30,488.7,True,3,-25,False
10563,20140610,20140722,20140624,67,2,2,60.43,2,95,965.0,True,14,-28,False
10564,20140610,20140708,20140616,65,4,3,13.75,3,47,1234.05,True,6,-22,False
10565,20140611,20140709,20140618,51,8,2,7.15,2,43,639.9,True,7,-21,False
10566,20140612,20140710,20140618,7,9,1,88.4,3,63,1761.0,True,6,-22,False
10567,20140612,20140710,20140617,37,1,1,33.97,3,103,2519.0,True,5,-23,False
10568,20140613,20140711,20140709,29,3,3,6.54,1,5,155.0,True,26,-2,False
10569,20140616,20140714,20140711,65,5,1,58.98,2,65,890.0,True,25,-3,False
10570,20140617,20140715,20140619,51,3,3,188.99,2,75,2465.25,True,2,-26,False
10571,20140617,20140729,20140704,20,8,3,26.06,2,39,550.59,True,17,-25,False
10572,20140618,20140716,20140625,5,3,2,116.43,4,87,1501.08,True,7,-21,False
10573,20140619,20140717,20140620,3,7,3,84.84,3,83,2082.0,True,1,-27,False
10574,20140619,20140717,20140630,82,4,2,37.6,4,32,764.3,True,11,-17,False
10575,20140620,20140704,20140630,52,5,1,127.34,4,58,2147.4,True,10,-4,False
10576,20140623,20140707,20140630,80,3,3,18.56,3,51,838.45,True,7,-7,False
10577,20140623,20140804,20140630,82,9,2,25.41,3,48,569.0,True,7,-35,False
10578,20140624,20140722,20140725,11,4,3,29.6,2,26,477.0,True,31,3,True
10579,20140625,20140723,20140704,45,1,2,13.73,2,31,317.75,True,9,-19,False
10580,20140626,20140724,20140701,56,4,3,75.89,3,54,1013.74,True,5,-23,False
10581,20140626,20140724,20140702,21,3,1,3.01,1,50,310.0,True,6,-22,False
10582,20140627,20140725,20140714,6,3,2,27.71,2,18,330.0,True,17,-11,False
10583,20140630,20140728,20140704,87,2,2,7.28,3,44,2237.5,True,4,-24,False
10584,20140630,20140728,20140704,7,4,1,59.14,1,50,593.75,True,4,-24,False
10585,20140701,20140729,20140710,88,7,1,13.41,1,15,142.5,True,9,-19,False
10586,20140702,20140730,20140709,66,9,1,0.48,1,4,23.8,True,7,-21,False
10587,20140702,20140730,20140709,61,1,1,62.52,3,46,807.38,True,7,-21,False
10588,20140703,20140731,20140710,63,2,3,194.67,2,140,3120.0,True,7,-21,False
10589,20140704,20140801,20140714,32,8,2,4.42,1,4,72.0,True,10,-18,False
10590,20140707,20140804,20140714,51,4,3,44.77,2,80,1101.0,True,7,-21,False
10591,20140707,20140721,20140716,83,1,1,55.92,3,74,812.5,True,9,-5,False
10592,20140708,20140805,20140716,44,3,1,32.1,2,30,516.47,True,8,-20,False
10593,20140709,20140806,20140813,44,7,2,174.2,3,45,1994.4,True,35,7,True
10594,20140709,20140806,20140716,55,3,2,5.24,2,54,565.5,True,7,-21,False
10595,20140710,20140807,20140714,20,2,1,96.78,3,215,4725.0,True,4,-24,False
10596,20140711,20140808,20140812,89,8,1,16.34,3,59,1180.88,True,32,4,True
10597,20140711,20140808,20140718,59,7,3,35.12,3,67,718.08,True,7,-21,False
10598,20140714,20140811,20140718,65,1,3,44.42,2,59,2388.5,True,4,-24,False
10599,20140715,20140826,20140721,11,6,3,29.98,1,10,493.0,True,6,-36,False
10600,20140716,20140813,20140721,36,4,1,45.13,2,34,479.8,True,5,-23,False
10601,20140716,20140827,20140722,35,7,1,58.3,2,95,2285.0,True,6,-36,False
10602,20140717,20140814,20140722,83,8,2,2.92,1,5,48.75,True,5,-23,False
10603,20140718,20140815,20140808,71,8,2,48.77,2,73,1483.0,True,21,-7,False
10604,20140718,20140815,20140729,28,1,1,7.46,2,16,230.85,True,11,-17,False
10605,20140721,20140818,20140729,51,1,2,379.13,4,135,4109.7,True,8,-20,False
10606,20140722,20140819,20140731,81,4,3,79.4,3,50,1130.4,True,9,-19,False
10607,20140722,20140819,20140725,71,5,1,200.24,5,213,6475.4,True,3,-25,False
10608,20140723,20140820,20140801,79,4,2,27.79,1,28,1064.0,True,9,-19,False
10609,20140724,20140821,20140730,18,7,2,1.85,3,19,424.0,True,6,-22,False
10610,20140725,20140822,20140806,41,8,1,26.78,1,21,299.25,True,12,-16,False
10611,20140725,20140822,20140801,91,6,2,80.65,3,31,808.0,True,7,-21,False
10612,20140728,20140825,20140801,71,1,2,544.08,5,263,6375.0,True,4,-24,False
10613,20140729,20140826,20140801,35,4,2,8.11,2,48,353.2,True,3,-25,False
10614,20140729,20140826,20140801,6,8,3,1.93,3,27,464.0,True,3,-25,False
10615,20140730,20140827,20140806,90,2,3,0.75,1,5,120.0,True,7,-21,False
10616,20140731,20140828,20140805,32,1,2,116.53,4,59,4807.0,True,5,-23,False
10617,20140731,20140828,20140804,32,4,2,18.53,1,30,1402.5,True,4,-24,False
10618,20140801,20140912,20140808,51,1,1,154.68,3,105,2697.5,True,7,-35,False
10619,20140804,20140901,20140807,51,3,3,91.05,2,82,1260.0,True,3,-25,False
10620,20140805,20140902,20140814,42,2,3,0.94,2,10,57.5,True,9,-19,False
10621,20140805,20140902,20140811,38,4,2,23.73,4,50,758.5,True,6,-22,False
10622,20140806,20140903,20140811,67,4,3,50.97,2,38,560.0,True,5,-23,False
10623,20140807,20140904,20140812,25,8,2,97.18,5,94,1336.95,True,5,-23,False
10624,20140807,20140904,20140819,78,4,2,94.8,3,26,1393.24,True,12,-16,False
10625,20140808,20140905,20140814,2,3,1,43.9,3,18,479.75,True,6,-22,False
10626,20140811,20140908,20140820,5,1,2,138.69,3,52,1503.6,True,9,-19,False
10627,20140811,20140922,20140821,71,8,3,107.46,2,50,1185.75,True,10,-32,False
10628,20140812,20140909,20140820,7,4,3,30.36,1,25,450.0,True,8,-20,False
10629,20140812,20140909,20140820,30,4,3,85.46,2,29,2775.05,True,8,-20,False
10630,20140813,20140910,20140819,39,1,2,32.35,2,47,903.6,True,6,-22,False
10631,20140814,20140911,20140815,41,8,1,0.87,1,8,55.8,True,1,-27,False
10632,20140814,20140911,20140819,86,8,1,41.38,2,50,589.0,True,5,-23,False
10633,20140815,20140912,20140818,20,7,3,477.9,4,164,5510.59,True,3,-25,False
10634,20140815,20140912,20140821,23,4,3,487.38,4,102,4985.5,True,6,-22,False
10635,20140818,20140915,20140821,49,8,3,47.46,3,65,1326.22,True,3,-25,False
10636,20140819,20140916,20140826,87,4,1,1.15,2,31,629.5,True,7,-21,False
10637,20140819,20140916,20140826,62,6,1,201.29,3,95,2761.94,True,7,-21,False
10638,20140820,20140917,20140901,47,3,1,158.44,3,101,2720.05,True,12,-16,False
10639,20140820,20140917,20140827,70,7,3,38.64,1,8,500.0,True,7,-21,False
10640,20140821,20140918,20140828,86,4,1,23.55,2,35,708.75,True,7,-21,False
10641,20140822,20140919,20140826,35,4,2,179.61,2,110,2054.0,True,4,-24,False
10642,20140822,20140919,20140905,73,7,3,41.89,2,50,696.0,True,14,-14,False
10643,20140825,20140922,20140902,1,6,1,29.46,3,38,814.5,True,8,-20,False
10644,20140825,20140922,20140901,88,3,2,0.14,3,45,1371.8,True,7,-21,False
10645,20140826,20140923,20140902,34,4,1,12.41,2,35,1535.0,True,7,-21,False
10646,20140827,20141008,20140903,37,9,3,142.33,4,98,1446.0,True,7,-35,False
10647,20140827,20140910,20140903,61,4,2,45.54,2,50,636.0,True,7,-7,False
10648,20140828,20141009,20140909,67,5,2,14.25,2,30,372.38,True,12,-30,False
10649,20140828,20140925,20140829,50,5,3,6.2,2,35,1434.0,True,1,-27,False
10650,20140829,20140926,20140903,21,5,3,176.81,3,85,1779.2,True,5,-23,False
10651,20140901,20140929,20140911,86,8,2,20.6,2,32,397.8,True,10,-18,False
10652,20140901,20140929,20140908,31,4,2,7.14,2,22,318.83,True,7,-21,False
10653,20140902,20140930,20140919,25,1,1,93.25,2,50,1083.15,True,17,-11,False
10654,20140902,20140930,20140911,5,5,1,55.26,3,38,601.83,True,9,-19,False
10655,20140903,20141001,20140911,66,1,2,4.41,1,20,154.4,True,8,-20,False
10656,20140904,20141002,20140910,32,6,1,57.15,3,37,604.22,True,6,-22,False
10657,20140904,20141002,20140915,71,2,2,352.69,6,204,4371.6,True,11,-17,False
10658,20140905,20141003,20140908,63,4,1,364.15,4,255,4464.6,True,3,-25,False
10659,20140905,20141003,20140910,62,7,2,105.81,3,84,1227.02,True,5,-23,False
10660,20140908,20141006,20141015,36,8,1,111.29,1,21,1701.0,True,37,9,True
10661,20140909,20141007,20140915,37,7,3,17.55,2,52,562.6,True,6,-22,False
10662,20140909,20141007,20140918,48,3,2,1.28,1,10,125.0,True,9,-19,False
10663,20140910,20140924,20141003,9,2,2,113.15,3,80,1930.4,True,23,9,True
10664,20140910,20141008,20140919,28,1,3,1.27,3,51,1288.39,True,9,-19,False
10665,20140911,20141009,20140917,48,1,2,26.31,3,31,1295.0,True,6,-22,False
10666,20140912,20141010,20140922,68,7,2,232.42,2,46,4666.94,True,10,-18,False
10667,20140912,20141010,20140919,20,7,1,78.09,2,59,1536.8,True,7,-21,False
10668,20140915,20141013,20140923,86,1,2,47.22,3,27,625.28,True,8,-20,False
10669,20140915,20141013,20140922,73,2,1,24.39,1,30,570.0,True,7,-21,False
10670,20140916,20141014,20140918,25,4,1,203.48,5,192,2301.75,True,2,-26,False
10671,20140917,20141015,20140924,26,1,1,30.34,3,32,920.1,True,7,-21,False
10672,20140917,20141001,20140926,5,9,2,95.75,2,27,3815.25,True,9,-5,False
10673,20140918,20141016,20140919,90,2,1,22.76,3,15,412.35,True,1,-27,False
10674,20140918,20141016,20140930,38,4,2,0.9,1,5,45.0,True,12,-16,False
10675,20140919,20141017,20140923,25,5,2,31.85,3,70,1423.0,True,4,-24,False
10676,20140922,20141020,20140929,80,2,2,2.01,3,30,534.85,True,7,-21,False
10677,20140922,20141020,20140926,3,1,3,4.03,2,38,813.36,True,4,-24,False
10678,20140923,20141021,20141016,71,7,3,388.98,4,280,5256.5,True,23,-5,False
10679,20140923,20141021,20140930,7,8,3,27.94,1,12,660.0,True,7,-21,False
10680,20140924,20141022,20140926,55,1,1,26.61,3,110,1261.88,True,2,-26,False
10681,20140925,20141023,20140930,32,3,3,76.13,3,70,1287.4,True,5,-23,False
10682,20140925,20141023,20141001,3,3,2,36.13,3,64,375.5,True,6,-22,False
10683,20140926,20141024,20141001,18,2,1,4.4,1,9,63.0,True,5,-23,False
10684,20140926,20141024,20140930,56,3,1,145.63,3,90,1768.0,True,4,-24,False
10685,20140929,20141013,20141003,31,4,2,33.75,3,39,801.1,True,4,-10,False
10686,20140930,20141028,20141008,59,2,1,96.5,2,45,1404.45,True,8,-20,False
10687,20140930,20141028,20141030,37,9,2,296.43,3,66,4960.9,True,30,2,True
10688,20141001,20141015,20141007,83,4,2,299.09,3,92,3160.6,True,6,-8,False
10689,20141001,20141029,20141007,5,1,2,13.42,1,35,472.5,True,6,-22,False
10690,20141002,20141030,20141003,34,1,1,15.8,2,50,862.5,True,1,-27,False
10691,20141003,20141114,20141022,63,2,2,810.05,5,182,10164.8,True,19,-23,False
10692,20141003,20141031,20141013,1,4,2,61.02,1,20,878.0,True,10,-18,False
10693,20141006,20141020,20141010,89,3,3,139.34,4,111,2071.2,True,4,-10,False
10694,20141006,20141103,20141009,63,8,3,398.36,3,165,4825.0,True,3,-25,False
10695,20141007,20141118,20141014,90,7,1,16.72,3,34,642.0,True,7,-35,False
10696,20141008,20141119,20141014,89,8,3,102.55,2,38,996.0,True,6,-36,False
10697,20141008,20141105,20141014,47,3,1,45.52,4,76,805.42,True,6,-22,False
10698,20141009,20141106,20141017,20,4,1,272.47,5,108,3436.44,True,8,-20,False
10699,20141009,20141106,20141013,52,3,3,0.58,1,12,114.0,True,4,-24,False
10700,20141010,20141107,20141016,71,3,1,65.1,4,117,1638.4,True,6,-22,False
10701,20141013,20141027,20141015,37,6,3,220.31,3,97,2864.5,True,2,-12,False
10702,20141013,20141124,20141021,1,4,1,23.94,2,21,330.0,True,8,-34,False
10703,20141014,20141111,20141020,24,6,2,152.3,3,75,2545.0,True,6,-22,False
10704,20141014,20141111,20141107,62,6,1,4.78,3,65,595.5,True,24,-4,False
10705,20141015,20141112,20141118,35,9,2,3.52,2,24,378.0,True,34,6,True
10706,20141016,20141113,20141021,55,8,3,135.63,3,52,1893.0,True,5,-23,False
10707,20141016,20141030,20141023,4,4,3,21.74,3,89,1641.0,True,7,-7,False
10708,20141017,20141128,20141105,77,6,2,2.96,2,9,180.4,True,19,-23,False
10709,20141017,20141114,20141120,31,1,3,210.8,3,78,3424.0,True,34,6,True
10710,20141020,20141117,20141023,27,1,1,4.98,2,10,93.5,True,3,-25,False
10711,20141021,20141202,20141029,71,5,2,52.41,3,174,4451.7,True,8,-34,False
10712,20141021,20141118,20141031,37,3,1,89.93,2,33,1233.48,True,10,-18,False
10713,20141022,20141119,20141024,71,1,1,167.05,4,182,2827.9,True,2,-26,False
10714,20141022,20141119,20141027,71,5,3,24.49,5,137,2205.75,True,5,-23,False
10715,20141023,20141106,20141029,9,3,1,63.2,2,51,1296.0,True,6,-8,False
10716,20141024,20141121,20141027,64,4,2,22.57,3,22,706.0,True,3,-25,False
10717,20141024,20141121,20141029,25,1,2,59.25,3,72,1270.75,True,5,-23,False
10718,20141027,20141124,20141029,39,1,3,170.88,4,116,3463.0,True,2,-26,False
10719,20141027,20141124,20141105,45,8,2,51.44,3,55,844.25,True,9,-19,False
10720,20141028,20141111,20141105,61,8,2,9.53,2,29,550.0,True,8,-6,False
10721,20141029,20141126,20141031,63,5,3,48.92,1,50,923.88,True,2,-26,False
10722,20141029,20141210,20141104,71,8,1,74.58,4,140,1570.0,True,6,-36,False
10723,20141030,20141127,20141125,89,3,1,21.72,1,15,468.45,True,26,-2,False
10724,20141030,20141211,20141105,51,8,2,57.75,2,21,638.5,True,6,-36,False
10725,20141031,20141128,20141105,21,4,3,10.83,3,22,287.8,True,5,-23,False
10726,20141103,20141117,20141205,19,4,1,16.56,2,30,655.0,True,32,18,True
10727,20141103,20141201,20141205,66,2,1,89.9,3,40,1624.5,True,32,4,True
10728,20141104,20141202,20141111,62,4,2,58.33,4,48,1296.75,True,7,-21,False
10729,20141104,20141216,20141114,47,8,3,141.06,3,120,1850.0,True,10,-32,False
10730,20141105,20141203,20141114,9,5,1,20.12,3,28,484.26,True,9,-19,False
10731,20141106,20141204,20141114,14,7,1,96.65,2,70,1890.5,True,8,-20,False
10732,20141106,20141204,20141107,9,3,1,16.97,1,20,360.0,True,1,-27,False
10733,20141107,20141205,20141110,5,1,3,110.11,3,61,1459.0,True,3,-25,False
10734,20141107,20141205,20141112,31,2,3,1.63,3,65,1498.35,True,5,-23,False
10735,20141110,20141208,20141121,45,6,2,45.97,2,22,536.4,True,11,-17,False
10736,20141111,20141209,20141121,37,9,2,44.1,2,60,997.0,True,10,-18,False
10737,20141111,20141209,20141118,85,2,2,7.79,2,16,139.8,True,7,-21,False
10738,20141112,20141210,20141118,74,2,1,2.91,1,3,52.35,True,6,-22,False
10739,20141112,20141210,20141117,85,3,3,11.08,2,24,240.0,True,5,-23,False
10740,20141113,20141211,20141125,89,4,2,81.88,4,94,1416.0,True,12,-16,False
10741,20141114,20141128,20141118,4,4,3,10.96,1,15,228.0,True,4,-10,False
10742,20141114,20141212,20141118,10,3,3,243.73,3,105,3118.0,True,4,-24,False
10743,20141117,20141215,20141121,4,1,2,23.72,1,28,319.2,True,4,-24,False
10744,20141117,20141215,20141124,83,6,1,69.19,1,50,736.0,True,7,-21,False
10745,20141118,20141216,20141127,63,9,1,3.52,4,92,4529.8,True,9,-19,False
10746,20141119,20141217,20141121,14,1,3,31.43,4,83,2311.7,True,2,-26,False
10747,20141119,20141217,20141126,59,6,1,117.33,4,82,1912.85,True,7,-21,False
10748,20141120,20141218,20141128,71,3,1,232.55,3,112,2196.0,True,8,-20,False
10749,20141120,20141218,20141219,38,4,2,61.53,3,31,1080.0,True,29,1,True
10750,20141121,20141219,20141124,87,9,1,79.3,3,70,1590.56,True,3,-25,False
10751,20141124,20141222,20141203,68,3,3,130.79,4,77,1631.48,True,9,-19,False
10752,20141124,20141222,20141128,53,2,3,1.39,2,11,252.0,True,4,-24,False
10753,20141125,20141223,20141127,27,3,1,7.7,2,9,88.0,True,2,-26,False
10754,20141125,20141223,20141127,49,6,3,2.38,1,3,55.2,True,2,-26,False
10755,20141126,20141224,20141128,9,4,2,16.71,4,99,1948.5,True,2,-26,False
10756,20141127,20141225,20141202,75,8,2,73.21,4,67,1990.0,True,5,-23,False
10757,20141127,20141225,20141215,71,6,1,8.19,4,91,3082.0,True,18,-10,False
10758,20141128,20141226,20141204,68,3,3,138.17,3,120,1644.6,True,6,-22,False
10759,20141128,20141226,20141212,2,3,3,11.99,1,10,320.0,True,14,-14,False
10760,20141201,20141229,20141210,50,4,1,155.64,3,82,2917.0,True,9,-19,False
10761,20141202,20141230,20141208,65,5,2,18.66,2,53,507.0,True,6,-22,False
10762,20141202,20141230,20141209,24,3,1,328.74,4,134,4337.0,True,7,-21,False
10763,20141203,20141231,20141208,23,3,3,37.35,3,66,616.0,True,5,-23,False
10764,20141203,20141231,20141208,20,6,3,145.45,2,150,2286.0,True,5,-23,False
10765,20141204,20150101,20141209,63,3,3,42.74,1,80,1515.6,True,5,-23,False
10766,20141205,20150102,20141209,56,4,1,157.55,3,115,2310.0,True,4,-24,False
10767,20141205,20150102,20141215,76,4,3,1.59,1,2,28.0,True,10,-18,False
10768,20141208,20150105,20141215,4,3,2,146.32,4,81,1477.0,True,7,-21,False
10769,20141208,20150105,20141212,83,3,1,65.06,4,80,1684.28,True,4,-24,False
10770,20141209,20150106,20141217,34,8,3,5.32,1,15,236.25,True,8,-20,False
10771,20141210,20150107,20150102,20,9,2,11.19,1,16,344.0,True,23,-5,False
10772,20141210,20150107,20141219,44,3,2,91.28,2,43,3603.22,True,9,-19,False
10773,20141211,20150108,20141216,20,1,3,96.43,3,110,2030.4,True,5,-23,False
10774,20141211,20141225,20141212,24,4,1,48.2,2,52,868.75,True,1,-13,False
10775,20141212,20150109,20141226,78,7,1,20.25,2,9,228.0,True,14,-14,False
10776,20141215,20150112,20141218,20,1,3,351.53,4,175,6635.28,True,3,-25,False
10777,20141215,20141229,20150121,31,7,2,3.01,1,20,224.0,True,37,23,True
10778,20141216,20150113,20141224,5,3,1,6.79,1,10,96.5,True,8,-20,False
10779,20141216,20150113,20150114,52,3,2,58.13,2,40,1335.0,True,29,1,True
10780,20141216,20141230,20141225,46,2,1,42.13,2,50,720.0,True,9,-5,False
10781,20141217,20150114,20141219,87,2,3,73.16,3,58,975.88,True,2,-26,False
10782,20141217,20150114,20141222,12,9,3,1.1,1,1,12.5,True,5,-23,False
10783,20141218,20150115,20141219,34,4,2,124.98,2,15,1442.5,True,1,-27,False
10784,20141218,20150115,20141222,49,4,3,70.09,3,62,1488.0,True,4,-24,False
10785,20141218,20150115,20141224,33,1,3,1.51,2,20,387.5,True,6,-22,False
10786,20141219,20150116,20141223,62,8,1,110.87,3,87,1531.08,True,4,-24,False
10787,20141219,20150102,20141226,41,2,1,249.93,2,35,2622.76,True,7,-7,False
10788,20141222,20150119,20150119,63,1,2,42.7,2,90,731.5,True,28,0,False
10789,20141222,20150119,20141231,23,1,2,100.6,4,93,3687.0,True,9,-19,False
10790,20141222,20150119,20141226,31,6,1,28.23,2,23,722.5,True,4,-24,False
10791,20141223,20150120,20150101,25,6,2,16.85,2,34,1829.76,True,9,-19,False
10792,20141223,20150120,20141231,91,1,3,23.79,3,28,399.85,True,8,-20,False
10793,20141224,20150121,20150108,4,3,3,4.52,2,22,191.1,True,15,-13,False
10794,20141224,20150121,20150102,61,6,1,21.49,2,21,314.76,True,9,-19,False
10795,20141224,20150121,20150120,20,8,2,126.66,2,100,2158.0,True,27,-1,False
10796,20141225,20150122,20150114,35,3,1,26.52,4,90,2341.36,True,20,-8,False
10797,20141225,20150122,20150105,17,7,2,33.35,1,20,420.0,True,11,-17,False
10798,20141226,20150123,20150105,38,2,1,2.33,2,12,446.6,True,10,-18,False
10799,20141226,20150206,20150105,39,9,3,30.76,3,65,1553.5,True,10,-32,False
10800,20141226,20150123,20150105,72,1,3,137.44,3,67,1468.94,True,10,-18,False
10801,20141229,20150126,20141231,8,4,2,97.09,2,60,3026.85,True,2,-26,False
10802,20141229,20150126,20150102,73,4,2,257.26,4,120,2942.81,True,4,-24,False
10803,20141230,20150127,20150106,88,4,1,55.23,3,54,1193.01,True,7,-21,False
10804,20141230,20150127,20150107,72,6,2,27.33,3,64,2278.4,True,8,-20,False
10805,20141230,20150127,20150109,77,2,3,237.34,2,20,2775.0,True,10,-18,False
10806,20141231,20150128,20150105,84,3,2,22.11,3,37,439.6,True,5,-23,False
10807,20141231,20150128,20150130,27,4,1,1.36,1,1,18.4,True,30,2,True
10808,20150101,20150129,20150109,55,2,3,45.53,2,70,1411.0,True,8,-20,False
10809,20150101,20150129,20150107,88,7,1,4.87,1,20,140.0,True,6,-22,False
10810,20150101,20150129,20150107,42,2,3,4.33,3,17,187.0,True,6,-22,False
10811,20150102,20150130,20150108,47,8,1,31.22,3,63,852.0,True,6,-22,False
10812,20150102,20150130,20150112,66,5,1,59.78,3,76,1692.8,True,10,-18,False
10813,20150105,20150202,20150109,67,1,1,47.38,2,47,602.4,True,4,-24,False
10814,20150105,20150202,20150114,84,3,3,130.94,4,78,1788.45,True,9,-19,False
10815,20150105,20150202,20150114,71,2,3,14.62,1,16,40.0,True,9,-19,False
10816,20150106,20150203,20150204,32,4,2,719.78,2,50,8446.45,True,29,1,True
10817,20150106,20150120,20150113,39,3,2,306.07,4,155,10952.84,True,7,-7,False
10818,20150107,20150204,20150112,49,7,3,65.48,2,40,833.0,True,5,-23,False
10819,20150107,20150204,20150116,12,2,3,19.76,2,27,477.0,True,9,-19,False
10820,20150107,20150204,20150113,65,3,2,37.52,1,30,1140.0,True,6,-22,False
10821,20150108,20150205,20150115,75,1,1,36.68,2,26,678.0,True,7,-21,False
10822,20150108,20150205,20150116,82,6,3,7.0,2,9,237.9,True,8,-20,False
10823,20150109,20150206,20150113,46,5,2,163.97,4,90,2826.0,True,4,-24,False
10824,20150109,20150206,20150130,24,8,1,1.23,2,21,250.8,True,21,-7,False
10825,20150109,20150206,20150114,17,1,1,79.25,2,32,1030.76,True,5,-23,False
10826,20150112,20150209,20150206,7,6,1,7.09,2,50,730.0,True,25,-3,False
10827,20150112,20150126,20150206,9,1,2,63.54,2,36,843.0,True,25,11,True
10828,20150113,20150127,20150204,64,9,1,90.85,2,7,932.0,True,22,8,True
10829,20150113,20150210,20150123,38,9,1,154.72,4,61,1764.0,True,10,-18,False
10830,20150113,20150224,20150121,81,4,2,81.83,4,88,1974.0,True,8,-34,False
10831,20150114,20150211,20150123,70,3,2,72.19,4,27,2684.4,True,9,-19,False
10832,20150114,20150211,20150119,41,2,2,43.26,4,32,475.11,True,5,-23,False
10833,20150115,20150212,20150123,56,6,2,71.49,3,38,906.93,True,8,-20,False
10834,20150115,20150212,20150119,81,1,3,29.78,2,28,1432.71,True,4,-24,False
10835,20150115,20150212,20150121,1,1,3,69.53,2,17,845.8,True,6,-22,False
10836,20150116,20150213,20150121,20,7,1,411.88,5,172,4705.5,True,5,-23,False
10837,20150116,20150213,20150123,5,9,3,13.32,4,92,1064.5,True,7,-21,False
10838,20150119,20150216,20150123,47,3,3,59.28,3,79,1938.38,True,4,-24,False
10839,20150119,20150216,20150122,81,3,3,35.43,2,45,827.55,True,3,-25,False
10840,20150119,20150302,20150216,47,4,2,2.71,2,16,211.2,True,28,-14,False
10841,20150120,20150217,20150129,76,5,2,424.3,4,111,4581.0,True,9,-19,False
10842,20150120,20150217,20150129,80,1,3,54.42,4,52,975.0,True,9,-19,False
10843,20150121,20150218,20150126,84,4,2,9.26,1,4,159.0,True,5,-23,False
10844,20150121,20150218,20150126,59,8,2,25.22,1,35,735.0,True,5,-23,False
10845,20150121,20150204,20150130,63,8,1,212.98,5,245,3812.7,True,9,-5,False
10846,20150122,20150305,20150123,76,2,3,56.46,3,71,1112.0,True,1,-41,False
10847,20150122,20150205,20150210,71,4,3,487.57,6,288,4931.92,True,19,5,True
10848,20150123,20150220,20150129,16,7,2,38.24,2,33,931.5,True,6,-22,False
10849,20150123,20150220,20150130,39,9,2,0.56,2,67,967.82,True,7,-21,False
10850,20150123,20150306,20150130,84,1,1,49.19,3,54,629.0,True,7,-35,False
10851,20150126,20150223,20150202,67,5,1,160.55,4,67,2603.0,True,7,-21,False
10852,20150126,20150209,20150130,65,8,1,174.05,3,71,2984.0,True,4,-10,False
10853,20150127,20150224,20150203,6,9,2,53.83,1,10,625.0,True,7,-21,False
10854,20150127,20150224,20150205,20,3,2,100.22,2,165,2966.5,True,9,-19,False
10855,20150127,20150224,20150204,55,3,1,170.97,4,103,2227.89,True,8,-20,False
10856,20150128,20150225,20150210,3,3,2,58.43,2,40,660.0,True,13,-15,False
10857,20150128,20150225,20150206,5,8,2,188.85,3,75,2048.21,True,9,-19,False
10858,20150129,20150226,20150203,40,2,1,52.51,3,19,649.0,True,5,-23,False
10859,20150129,20150226,20150202,25,1,2,76.1,3,105,1078.69,True,4,-24,False
10860,20150129,20150226,20150204,26,3,3,19.26,2,23,519.0,True,6,-22,False
10861,20150130,20150227,20150217,89,4,2,14.93,5,140,3523.4,True,18,-10,False
10862,20150130,20150313,20150202,44,8,2,53.23,2,33,581.0,True,3,-39,False
10863,20150202,20150302,20150217,35,4,2,30.26,2,32,441.15,True,15,-13,False
10864,20150202,20150302,20150209,4,4,2,3.04,2,19,282.0,True,7,-21,False
10865,20150202,20150216,20150212,63,2,1,348.14,2,140,16387.5,True,10,-4,False
10866,20150203,20150303,20150212,5,5,1,109.11,3,67,1096.2,True,9,-19,False
10867,20150203,20150317,20150211,48,6,1,1.93,1,3,98.4,True,8,-34,False
10868,20150204,20150304,20150223,62,7,2,191.27,3,92,1920.6,True,19,-9,False
10869,20150204,20150304,20150209,72,5,1,143.28,4,120,1630.0,True,5,-23,False
10870,20150204,20150304,20150213,91,5,3,12.04,2,5,160.0,True,9,-19,False
10871,20150205,20150305,20150210,9,9,2,112.27,3,78,1979.23,True,5,-23,False
10872,20150205,20150305,20150209,30,5,2,175.32,4,66,2058.46,True,4,-24,False
10873,20150206,20150306,20150209,90,4,1,0.82,2,23,336.8,True,3,-25,False
10874,20150206,20150306,20150211,30,5,2,19.58,1,10,310.0,True,5,-23,False
10875,20150206,20150306,20150303,5,4,2,32.37,3,61,709.55,True,25,-3,False
10876,20150209,20150309,20150212,9,7,3,60.42,2,41,917.0,True,3,-25,False
10877,20150209,20150309,20150219,67,1,1,38.06,2,55,1955.12,True,10,-18,False
10878,20150210,20150310,20150212,63,4,1,46.69,1,20,1539.0,True,2,-26,False
10879,20150210,20150310,20150212,90,3,3,8.5,3,32,611.3,True,2,-26,False
10880,20150210,20150324,20150218,24,7,1,88.01,3,110,1500.0,True,8,-34,False
10881,20150211,20150311,20150218,12,4,1,2.84,1,10,150.0,True,7,-21,False
10882,20150211,20150311,20150220,71,4,3,23.1,3,77,892.64,True,9,-19,False
10883,20150212,20150312,20150220,48,8,3,0.53,1,8,36.0,True,8,-20,False
10884,20150212,20150312,20150213,45,4,2,90.97,3,73,1378.07,True,1,-27,False
10885,20150212,20150312,20150218,76,6,3,5.64,4,87,1209.0,True,6,-22,False
10886,20150213,20150313,20150302,34,1,1,4.99,3,145,3127.5,True,17,-11,False
10887,20150213,20150313,20150216,29,8,3,1.25,1,5,70.0,True,3,-25,False
10888,20150216,20150316,20150223,30,1,2,51.87,2,38,605.0,True,7,-21,False
10889,20150216,20150316,20150223,65,9,3,280.61,2,80,11380.0,True,7,-21,False
10890,20150216,20150316,20150218,18,7,1,32.76,3,39,860.1,True,2,-26,False
10891,20150217,20150317,20150219,44,7,2,20.37,1,15,368.93,True,2,-26,False
10892,20150217,20150317,20150219,50,4,2,120.27,1,40,2090.0,True,2,-26,False
10893,20150218,20150318,20150220,39,9,2,77.78,5,119,5502.11,True,2,-26,False
10894,20150218,20150318,20150220,71,1,1,116.13,3,198,2753.1,True,2,-26,False
10895,20150218,20150318,20150223,20,3,1,162.75,4,346,6379.4,True,5,-23,False
10896,20150219,20150319,20150227,50,7,3,32.45,2,31,750.5,True,8,-20,False
10897,20150219,20150319,20150225,37,3,2,603.54,2,116,10835.24,True,6,-22,False
10898,20150220,20150320,20150306,54,4,2,1.27,1,5,30.0,True,14,-14,False
10899,20150220,20150320,20150226,46,5,3,1.21,1,8,122.4,True,6,-22,False
10900,20150220,20150320,20150304,88,1,2,1.66,1,3,33.75,True,12,-16,False
10901,20150223,20150323,20150226,35,4,1,62.09,2,60,934.5,True,3,-25,False
10902,20150223,20150323,20150303,24,1,1,44.15,2,36,863.43,True,8,-20,False
10903,20150224,20150324,20150304,34,3,3,36.71,3,81,932.05,True,8,-20,False
10904,20150224,20150324,20150227,89,3,3,162.95,2,50,1924.25,True,3,-25,False
10905,20150224,20150324,20150306,88,9,2,13.72,1,20,342.0,True,10,-18,False
10906,20150225,20150311,20150303,91,4,3,26.29,1,15,427.5,True,6,-8,False
10907,20150225,20150325,20150227,74,6,3,9.19,1,14,108.5,True,2,-26,False
10908,20150226,20150326,20150306,66,4,2,32.96,2,34,663.1,True,8,-20,False
10909,20150226,20150326,20150310,70,1,2,53.05,3,32,670.0,True,12,-16,False
10910,20150226,20150326,20150304,90,1,3,38.11,3,27,452.9,True,6,-22,False
10911,20150226,20150326,20150305,30,3,1,38.19,3,37,858.0,True,7,-21,False
10912,20150226,20150326,20150318,37,2,2,580.91,2,100,6200.55,True,20,-8,False
10913,20150226,20150326,20150304,62,4,1,33.05,3,85,768.75,True,6,-22,False
10914,20150227,20150327,20150302,62,6,1,21.19,1,25,537.5,True,3,-25,False
10915,20150227,20150327,20150302,80,2,2,3.51,3,50,539.5,True,3,-25,False
10916,20150227,20150327,20150309,64,1,2,63.77,3,32,686.7,True,10,-18,False
10917,20150302,20150330,20150311,69,4,2,8.29,2,11,365.89,True,9,-19,False
10918,20150302,20150330,20150311,10,3,3,48.83,2,85,1447.5,True,9,-19,False
10919,20150302,20150330,20150304,47,2,2,19.8,3,68,1122.8,True,2,-26,False
10920,20150303,20150331,20150309,4,4,2,29.61,1,24,390.0,True,6,-22,False
10921,20150303,20150414,20150309,83,1,1,176.48,2,50,1936.0,True,6,-36,False
10922,20150303,20150331,20150305,34,5,3,62.74,2,50,742.5,True,2,-26,False
10923,20150303,20150414,20150313,41,7,3,68.26,3,44,748.8,True,10,-32,False
10924,20150304,20150401,20150408,5,3,2,151.52,3,56,1835.7,True,35,7,True
10925,20150304,20150401,20150313,34,3,1,2.27,2,37,475.15,True,9,-19,False
10926,20150304,20150401,20150311,2,4,3,39.92,4,29,514.4,True,7,-21,False
10927,20150305,20150402,20150408,40,4,1,19.79,3,30,800.0,True,34,6,True
10928,20150305,20150402,20150318,29,1,1,1.36,2,10,137.5,True,13,-15,False
10929,20150305,20150402,20150312,25,6,1,33.93,3,124,1174.75,True,7,-21,False
10930,20150306,20150417,20150318,76,4,3,15.55,4,116,2255.5,True,12,-30,False
10931,20150306,20150320,20150319,68,4,2,13.6,2,72,799.2,True,13,-1,False
10932,20150306,20150403,20150324,9,8,1,134.64,4,80,1788.63,True,18,-10,False
10933,20150306,20150403,20150316,38,6,3,54.15,2,32,920.6,True,10,-18,False
10934,20150309,20150406,20150312,44,3,3,32.01,1,20,500.0,True,3,-25,False
10935,20150309,20150406,20150318,88,4,3,47.59,3,33,619.5,True,9,-19,False
10936,20150309,20150406,20150318,32,3,2,33.68,1,30,456.0,True,9,-19,False
10937,20150310,20150324,20150313,12,7,3,31.51,2,28,644.8,True,3,-11,False
10938,20150310,20150407,20150316,63,3,2,31.89,4,128,2731.88,True,6,-22,False
10939,20150310,20150407,20150313,49,2,2,76.33,2,50,637.5,True,3,-25,False
10940,20150311,20150408,20150323,9,8,3,19.77,2,28,360.0,True,12,-16,False
10941,20150311,20150408,20150320,71,7,2,400.81,4,204,4011.75,True,9,-19,False
10942,20150311,20150408,20150318,66,9,3,17.95,1,28,560.0,True,7,-21,False
10943,20150311,20150408,20150319,11,4,2,2.17,3,51,711.0,True,8,-20,False
10944,20150312,20150326,20150313,10,6,3,52.92,3,41,1025.32,True,1,-13,False
10945,20150312,20150409,20150318,52,4,1,10.22,2,30,245.0,True,6,-22,False
10946,20150312,20150409,20150319,83,1,2,27.2,3,90,1407.5,True,7,-21,False
10947,20150313,20150410,20150316,11,3,2,3.26,1,4,220.0,True,3,-25,False
10948,20150313,20150410,20150319,30,3,3,23.39,3,53,2362.25,True,6,-22,False
10949,20150313,20150410,20150317,10,2,3,74.44,4,108,4422.0,True,4,-24,False
10950,20150316,20150413,20150323,49,1,2,2.5,1,5,110.0,True,7,-21,False
10951,20150316,20150427,20150407,68,9,2,30.85,3,71,458.76,True,22,-20,False
10952,20150316,20150427,20150324,1,1,1,40.42,2,18,471.2,True,8,-34,False
10953,20150316,20150330,20150325,4,9,2,23.72,2,100,4441.25,True,9,-5,False
10954,20150317,20150428,20150320,47,5,1,27.91,4,107,1659.54,True,3,-39,False
10955,20150317,20150414,20150320,24,8,2,3.26,1,12,74.4,True,3,-25,False
10956,20150317,20150428,20150320,6,6,2,44.65,3,34,677.0,True,3,-39,False
10957,20150318,20150415,20150327,35,8,3,105.36,3,78,1762.7,True,9,-19,False
10958,20150318,20150415,20150327,54,7,2,49.56,3,31,781.0,True,9,-19,False
10959,20150318,20150429,20150323,31,6,2,4.98,1,20,131.75,True,5,-37,False
10960,20150319,20150402,20150408,35,3,1,2.08,2,34,265.35,True,20,6,True
10961,20150319,20150416,20150330,62,8,1,104.47,2,66,1119.9,True,11,-17,False
10962,20150319,20150416,20150323,63,8,2,275.79,5,195,3584.0,True,4,-24,False
10963,20150319,20150416,20150326,28,9,3,2.7,1,2,57.8,True,7,-21,False
10964,20150320,20150417,20150324,74,3,2,87.38,3,21,2052.5,True,4,-24,False
10965,20150320,20150417,20150330,55,6,3,144.38,1,16,848.0,True,10,-18,False
10966,20150320,20150417,20150408,14,4,1,27.19,3,32,1098.46,True,19,-9,False
10967,20150323,20150420,20150402,79,2,2,62.22,2,52,910.4,True,10,-18,False
10968,20150323,20150420,20150401,20,1,3,74.6,3,64,1408.0,True,9,-19,False
10969,20150323,20150420,20150330,15,1,2,0.21,1,9,108.0,True,7,-21,False
10970,20150324,20150407,20150424,8,9,1,16.16,1,40,224.0,True,31,17,True
10971,20150324,20150421,20150402,26,2,2,121.82,1,14,1733.06,True,9,-19,False
10972,20150324,20150421,20150326,40,4,2,0.02,2,13,251.5,True,2,-26,False
10973,20150324,20150421,20150327,40,6,2,15.17,3,21,291.55,True,3,-25,False
10974,20150325,20150408,20150403,75,3,3,12.96,1,10,439.0,True,9,-5,False
10975,20150325,20150422,20150327,10,1,3,32.27,2,26,717.5,True,2,-26,False
10976,20150325,20150506,20150403,35,1,1,37.97,1,20,912.0,True,9,-33,False
10977,20150326,20150423,20150410,24,8,3,208.5,4,90,2233.0,True,15,-13,False
10978,20150326,20150423,20150423,50,9,2,32.82,4,76,1303.2,True,28,0,False
10979,20150326,20150423,20150331,20,8,2,353.07,6,207,4813.5,True,5,-23,False
10980,20150327,20150508,20150417,24,4,1,1.26,1,40,248.0,True,21,-21,False
10981,20150327,20150424,20150402,34,1,2,193.37,1,60,15810.0,True,6,-22,False
10982,20150327,20150424,20150408,10,2,1,14.01,2,29,1014.0,True,12,-16,False
10983,20150327,20150424,20150406,71,2,2,657.54,2,99,720.9,True,10,-18,False
10984,20150330,20150427,20150403,71,1,3,211.22,3,115,1809.75,True,4,-24,False
10985,20150330,20150427,20150402,37,2,1,91.51,3,79,2023.38,True,3,-25,False
10986,20150330,20150427,20150421,54,8,2,217.86,4,70,2220.0,True,22,-6,False
10987,20150331,20150428,20150406,19,8,1,185.48,3,86,2772.0,True,6,-22,False
10988,20150331,20150428,20150410,65,3,2,61.14,2,100,3574.8,True,10,-18,False
10989,20150331,20150428,20150402,61,2,1,34.76,3,59,1353.6,True,2,-26,False
10990,20150401,20150513,20150407,20,2,3,117.61,4,256,4288.85,True,6,-36,False
10991,20150401,20150429,20150407,63,1,1,38.51,3,160,2296.0,True,6,-22,False
10992,20150401,20150429,20150403,77,1,3,4.27,1,2,69.6,True,2,-26,False
10993,20150401,20150429,20150410,24,7,3,8.81,2,85,4895.44,True,9,-19,False
10994,20150402,20150416,20150409,83,2,3,65.53,1,18,940.5,True,7,-7,False
10995,20150402,20150430,20150406,58,1,3,46.0,2,24,1196.0,True,4,-24,False
10996,20150402,20150430,20150410,63,4,2,1.12,1,40,560.0,True,8,-20,False
10997,20150403,20150515,20150413,46,8,2,73.91,3,90,1885.0,True,10,-32,False
10998,20150403,20150417,20150417,91,8,2,20.31,4,69,686.0,True,14,0,False
10999,20150403,20150501,20150410,56,6,2,96.35,3,56,1197.95,True,7,-21,False
11000,20150406,20150504,20150414,65,2,3,55.12,3,85,903.75,True,8,-20,False
11001,20150406,20150504,20150414,24,2,2,197.3,4,116,2769.0,True,8,-20,False
11002,20150406,20150504,20150416,71,4,1,141.16,4,135,1811.1,True,10,-18,False
11003,20150406,20150504,20150408,78,3,3,14.91,3,24,326.0,True,2,-26,False
11004,20150407,20150505,20150420,50,3,1,44.84,2,12,295.38,True,13,-15,False
11005,20150407,20150505,20150410,90,2,1,0.75,2,12,586.0,True,3,-25,False
11006,20150407,20150505,20150415,32,3,2,25.19,2,10,329.68,True,8,-20,False
11007,20150408,20150506,20150413,60,8,2,202.24,3,54,2633.9,True,5,-23,False
11008,20150408,20150506,-1,20,7,3,79.46,3,181,4680.9,False,,,False
11009,20150408,20150506,20150410,30,2,1,59.11,3,39,616.5,True,2,-26,False
11010,20150409,20150507,20150421,66,2,2,28.71,2,30,645.0,True,12,-16,False
11011,20150409,20150507,20150413,1,3,1,1.21,2,60,933.5,True,4,-24,False
11012,20150409,20150423,20150417,25,1,3,242.95,3,146,2825.3,True,8,-6,False
11013,20150409,20150507,20150410,69,2,1,32.99,4,36,361.0,True,1,-27,False
11014,20150410,20150508,20150415,47,2,3,23.6,1,28,243.18,True,5,-23,False
11015,20150410,20150424,20150420,70,2,2,4.62,2,33,622.35,True,10,-4,False
11016,20150410,20150508,20150413,4,9,2,33.8,2,31,491.5,True,3,-25,False
11017,20150413,20150511,20150420,20,9,2,754.26,3,165,6750.0,True,7,-21,False
11018,20150413,20150511,20150416,48,4,2,11.65,3,35,1575.0,True,3,-25,False
11019,20150413,20150511,-1,64,6,3,3.17,2,5,76.0,False,,,False
11020,20150414,20150512,20150416,56,2,2,43.3,1,24,632.4,True,2,-26,False
11021,20150414,20150512,20150421,63,3,1,297.18,5,168,6306.24,True,7,-21,False
11022,20150414,20150512,20150504,34,9,2,6.27,2,65,1402.0,True,20,-8,False
11023,20150414,20150428,20150424,11,1,2,123.83,2,34,1500.0,True,10,-4,False
11024,20150415,20150513,20150420,19,4,1,74.36,4,113,1966.81,True,5,-23,False
11025,20150415,20150513,20150424,87,6,3,29.17,2,30,270.0,True,9,-19,False
11026,20150415,20150513,20150428,27,4,1,47.09,2,18,1030.0,True,13,-15,False
11027,20150416,20150514,20150420,10,1,1,52.52,2,51,877.72,True,4,-24,False
11028,20150416,20150514,20150422,39,2,1,29.59,2,59,2160.0,True,6,-22,False
11029,20150416,20150514,20150427,14,4,1,47.84,2,32,1286.8,True,11,-17,False
11030,20150417,20150515,20150427,71,7,2,830.75,4,330,12615.05,True,10,-18,False
11031,20150417,20150515,20150424,71,6,2,227.22,5,182,2393.5,True,7,-21,False
11032,20150417,20150515,20150423,89,2,3,606.19,3,90,8902.5,True,6,-22,False
11033,20150417,20150515,20150423,68,7,3,84.74,2,106,3232.8,True,6,-22,False
11034,20150420,20150601,20150427,55,8,1,40.32,3,33,539.4,True,7,-35,False
11035,20150420,20150518,20150424,76,2,2,0.17,4,110,1754.5,True,4,-24,False
11036,20150420,20150518,20150422,17,8,3,149.47,2,37,1692.0,True,2,-26,False
11037,20150421,20150519,20150427,30,7,1,3.2,1,4,60.0,True,6,-22,False
11038,20150421,20150519,20150430,76,1,2,29.59,3,37,732.6,True,9,-19,False
11039,20150421,20150519,-1,47,1,2,65.0,4,132,3090.0,False,,,False
11040,20150422,20150520,-1,32,4,3,18.84,1,20,200.0,False,,,False
11041,20150422,20150520,20150428,14,3,2,48.22,2,60,1773.0,True,6,-22,False
11042,20150422,20150506,20150501,15,2,1,29.99,2,19,405.75,True,9,-5,False
11043,20150422,20150520,20150429,74,5,2,8.8,1,10,210.0,True,7,-21,False
11044,20150423,20150521,20150501,91,4,1,8.72,1,12,591.6,True,8,-20,False
11045,20150423,20150521,-1,10,6,2,70.58,2,39,1309.5,False,,,False
11046,20150423,20150521,20150424,86,8,2,71.64,3,53,1485.8,True,1,-27,False
11047,20150424,20150522,20150501,19,7,3,46.62,2,55,817.88,True,7,-21,False
11048,20150424,20150522,20150430,10,7,3,24.12,1,42,525.0,True,6,-22,False
11049,20150424,20150522,20150504,31,3,1,8.34,2,14,273.6,True,10,-18,False
11050,20150427,20150525,20150505,24,8,2,59.41,1,50,810.0,True,8,-20,False
11051,20150427,20150525,-1,41,7,3,2.79,1,10,36.0,False,,,False
11052,20150427,20150525,20150501,34,3,1,67.26,2,40,1332.0,True,4,-24,False
11053,20150427,20150525,20150429,59,2,2,53.05,3,80,3055.0,True,2,-26,False
11054,20150428,20150526,-1,12,8,1,0.33,2,30,305.0,False,,,False
11055,20150428,20150526,20150505,35,7,2,120.92,4,70,1727.5,True,7,-21,False
11056,20150428,20150512,20150501,19,8,2,278.96,3,125,3740.0,True,3,-11,False
11057,20150429,20150527,20150501,53,3,3,4.13,1,3,45.0,True,2,-26,False
11058,20150429,20150527,-1,6,9,3,31.14,3,28,858.0,False,,,False
11059,20150429,20150610,-1,67,2,2,85.8,3,77,1838.0,False,,,False
11060,20150430,20150528,20150504,27,2,2,10.98,2,14,266.0,True,4,-24,False
11061,20150430,20150611,-1,32,4,3,14.01,1,15,510.0,False,,,False
11062,20150430,20150528,-1,66,4,2,29.93,2,22,406.4,False,,,False
11063,20150430,20150528,20150506,37,3,2,81.73,3,100,1342.95,True,6,-22,False
11064,20150501,20150529,20150504,71,1,1,30.09,5,173,4330.4,True,3,-25,False
11065,20150501,20150529,-1,46,8,1,12.91,2,24,189.42,False,,,False
11066,20150501,20150529,20150504,89,7,2,44.72,3,80,928.75,True,3,-25,False
11067,20150504,20150518,20150506,17,1,2,7.98,1,9,86.85,True,2,-12,False
11068,20150504,20150601,-1,62,8,2,81.75,3,72,2027.08,False,,,False
11069,20150504,20150601,20150506,80,1,2,15.67,1,20,360.0,True,2,-26,False
11070,20150505,20150602,-1,44,2,1,136.0,4,110,1629.98,False,,,False
11071,20150505,20150602,-1,46,1,1,0.93,2,25,484.5,False,,,False
11072,20150505,20150602,-1,20,4,2,258.64,4,200,5218.0,False,,,False
11073,20150505,20150602,-1,58,2,2,24.95,2,30,300.0,False,,,False
11074,20150506,20150603,-1,73,7,2,18.44,1,14,232.08,False,,,False
11075,20150506,20150603,-1,68,8,2,6.19,3,42,498.1,False,,,False
11076,20150506,20150603,-1,9,4,2,38.28,3,50,792.75,False,,,False
11077,20150506,20150603,-1,65,1,2,8.53,25,72,1255.72,False,,,False
