productID,productName,quantityPerUnit,unitPrice,discontinued,categoryID
1,Chai,10 boxes x 20 bags,18,Non,1
2,Chang,24 - 12 oz bottles,19,Non,1
3,Aniseed Syrup,12 - 550 ml bottles,10,Non,2
4,Chef Anton's Cajun Seasoning,48 - 6 oz jars,22,Non,2
5,Chef Anton's Gumbo Mix,36 boxes,21.35,oui,2
6,Grandma's Boysenberry Spread,12 - 8 oz jars,25,Non,2
7,Uncle Bob's Organic Dried Pears,12 - 1 lb pkgs.,30,Non,7
8,Northwoods Cranberry Sauce,12 - 12 oz jars,40,Non,2
9,Mishi Kobe Niku,18 - 500 g pkgs.,97,oui,6
10,Ikura,12 - 200 ml jars,31,Non,8
11,Queso Cabrales,1 kg pkg.,21,Non,4
12,Queso Manchego La Pastora,10 - 500 g pkgs.,38,Non,4
13,Konbu,2 kg box,6,Non,8
14,Tofu,40 - 100 g pkgs.,23.25,Non,7
15,Genen Shouyu,24 - 250 ml bottles,15.5,Non,2
16,Pavlova,32 - 500 g boxes,17.45,Non,3
17,Alice Mutton,20 - 1 kg tins,39,oui,6
18,Carnarvon Tigers,16 kg pkg.,62.5,Non,8
19,Teatime Chocolate Biscuits,10 boxes x 12 pieces,9.2,Non,3
20,Sir Rodney's Marmalade,30 gift boxes,81,Non,3
21,Sir Rodney's Scones,24 pkgs. x 4 pieces,9999,Non,3
22,Gustaf's Knackebröd,24 - 500 g pkgs.,21,Non,5
23,Tunnbröd,12 - 250 g pkgs.,9,Non,5
24,Guarana Fantastica,12 - 355 ml cans,4.5,oui,1
25,NuNuCa Nuß-Nougat-Creme,20 - 450 g glasses,14,Non,3
26,Gumbär Gummibärchen,100 - 250 g bags,31.23,Non,3
27,Schoggi Schokolade,100 - 100 g pieces,43.9,Non,3
28,Rössle Sauerkraut,25 - 825 g cans,45.6,oui,7
29,Thüringer Rostbratwurst,50 bags x 30 sausgs.,123.79,oui,6
30,Nord-Ost Matjeshering,10 - 200 g glasses,25.89,Non,8
31,Gorgonzola Telino,12 - 100 g pkgs,12.5,Non,4
32,Mascarpone Fabioli,24 - 200 g pkgs.,32,Non,4
33,Geitost,500 g,2.5,Non,4
34,Sasquatch Ale,24 - 12 oz bottles,14,Non,1
35,Steeleye Stout,24 - 12 oz bottles,18,Non,1
36,Inlagd Sill,24 - 250 g  jars,19,Non,8
37,Gravad lax,12 - 500 g pkgs.,26,Non,8
38,Côte de Blaye,12 - 75 cl bottles,263.5,Non,1
39,Chartreuse verte,750 cc per bottle,18,Non,1
40,Boston Crab Meat,24 - 4 oz tins,18.4,Non,8
41,Jack's New England Clam Chowder,12 - 12 oz cans,9.65,Non,8
42,Singaporean Hokkien Fried Mee,32 - 1 kg pkgs.,14,oui,5
43,Ipoh Coffee,16 - 500 g tins,46,Non,1
44,Gula Malacca,20 - 2 kg bags,19.45,Non,2
45,Rogede sild,1k pkg.,9.5,Non,8
46,Spegesild,4 - 450 g glasses,12,Non,8
47,Zaanse koeken,10 - 4 oz boxes,9.5,Non,3
48,Chocolade,10 pkgs.,12.75,Non,3
49,Maxilaku,24 - 50 g pkgs.,20,Non,3
50,Valkoinen suklaa,12 - 100 g bars,16.25,Non,3
51,Manjimup Dried Apples,50 - 300 g pkgs.,53,Non,7
52,Filo Mix,16 - 2 kg boxes,7,Non,5
53,Perth Pasties,48 pieces,32.8,oui,6
54,Tourtière,16 pies,7.45,Non,6
55,Pâté chinois,24 boxes x 2 pies,24,Non,6
56,Gnocchi di nonna Alice,24 - 250 g pkgs.,38,Non,5
57,Ravioli Angelo,24 - 250 g pkgs.,19.5,Non,5
58,Escargots de Bourgogne,24 pieces,13.25,Non,8
59,Raclette Courdavault,5 kg pkg.,55,Non,4
60,Camembert Pierrot,15 - 300 g rounds,34,Non,4
61,Sirop d'érable,24 - 500 ml bottles,28.5,Non,2
62,Tarte au sucre,48 pies,49.3,Non,3
63,Vegie-spread,15 - 625 g jars,43.9,Non,2
64,Wimmers gute Semmelknödel,20 bags x 4 pieces,33.25,Non,5
65,Louisiana Fiery Hot Pepper Sauce,32 - 8 oz bottles,21.05,Non,2
66,Louisiana Hot Spiced Okra,24 - 8 oz jars,17,Non,2
67,Laughing Lumberjack Lager,24 - 12 oz bottles,14,Non,1
68,Scottish Longbreads,10 boxes x 8 pieces,12.5,Non,3
69,Gudbrandsdalsost,10 kg pkg.,36,Non,4
70,Outback Lager,24 - 355 ml bottles,15,Non,1
71,Flotemysost,10 - 500 g pkgs.,21.5,Non,4
72,Mozzarella di Giovanni,24 - 200 g pkgs.,34.8,Non,4
73,Röd Kaviar,24 - 150 g jars,15,Non,8
74,Longlife Tofu,5 kg pkg.,10,Non,7
75,Rhönbräu Klosterbier,24 - 0.5 l bottles,7.75,Non,1
76,Lakkaliköri,500 ml,18,Non,1
77,Original Frankfurter Grüne Soße,12 boxes,13,Non,2
